date,open,high,low,close,Volume,Close time,Quote asset volume,Trades,Tbbav,Tbqav,ig
1649255040000,2980.77000000,2986.00000000,2979.77000000,2982.06000000,92.77320000,1649255219999,276764.33074700,252,57.27250000,170844.71525600,0
1649255220000,2981.84000000,2985.14000000,2980.87000000,2983.70000000,26.05200000,1649255399999,77727.51390200,110,16.04290000,47859.59889800,0
1649255400000,2984.26000000,2993.27000000,2981.11000000,2992.40000000,36.11490000,1649255579999,107935.97201500,180,9.40390000,28097.29511700,0
1649255580000,2993.12000000,3001.93000000,2991.79000000,2995.55000000,80.69070000,1649255759999,241826.92510500,218,58.44420000,175157.55595000,0
1649255760000,2995.06000000,2997.58000000,2989.37000000,2993.33000000,22.44610000,1649255939999,67212.03234300,125,5.33050000,15963.99849900,0
1649255940000,2994.17000000,2996.89000000,2988.98000000,2990.98000000,34.45170000,1649256119999,103091.29272100,115,28.32790000,84762.90322400,0
1649256120000,2989.26000000,2995.83000000,2989.02000000,2995.37000000,31.15310000,1649256299999,93237.65168600,109,19.75610000,59122.06087800,0
1649256300000,2994.61000000,3000.00000000,2987.00000000,2998.64000000,63.00800000,1649256479999,188566.40186500,149,30.06250000,90015.28693300,0
1649256480000,2999.14000000,3001.77000000,2993.49000000,2999.53000000,35.02830000,1649256659999,105041.95897300,122,18.80700000,56399.10296500,0
1649256660000,2999.65000000,3001.31000000,2995.02000000,2998.61000000,20.48930000,1649256839999,61437.69604700,84,12.37620000,37121.84166700,0
1649256840000,2995.53000000,2998.13000000,2990.71000000,2990.99000000,54.22420000,1649257019999,162393.76896000,168,43.78340000,131130.01716000,0
1649257020000,2992.05000000,2992.05000000,2985.01000000,2986.85000000,43.19860000,1649257199999,129063.13906800,140,25.41080000,75913.00775000,0
1649257200000,2985.73000000,2989.45000000,2980.11000000,2988.82000000,91.60870000,1649257379999,273377.56534700,215,50.90370000,151924.10341200,0
1649257380000,2988.61000000,2989.29000000,2977.80000000,2979.95000000,68.58470000,1649257559999,204573.57206700,201,31.34960000,93513.56555000,0
1649257560000,2978.98000000,2980.63000000,2971.44000000,2978.68000000,48.26790000,1649257739999,143628.55954200,163,26.07220000,77570.00470900,0
1649257740000,2978.68000000,2978.68000000,2970.56000000,2972.51000000,26.69070000,1649257919999,79361.25307800,117,5.26320000,15656.19389900,0
1649257920000,2974.53000000,2976.04000000,2968.60000000,2973.80000000,29.03160000,1649258099999,86299.66518500,131,11.93760000,35503.08337800,0
1649258100000,2973.80000000,2980.62000000,2973.79000000,2975.99000000,60.83470000,1649258279999,181134.58799400,203,27.39710000,81583.18631300,0
1649258280000,2975.29000000,2975.29000000,2960.00000000,2962.01000000,45.84010000,1649258459999,135936.05409000,249,11.68480000,34650.16222100,0
1649258460000,2961.78000000,2982.27000000,2960.00000000,2982.27000000,57.76020000,1649258639999,171562.14281100,182,41.91420000,124478.66852300,0
1649258640000,2980.73000000,2985.38000000,2972.57000000,2979.50000000,27.16410000,1649258819999,80941.53472800,110,21.78320000,64914.39384900,0
1649258820000,2980.45000000,2981.21000000,2963.15000000,2963.71000000,39.47450000,1649258999999,117244.15606600,149,15.10740000,44852.33755500,0
1649259000000,2964.15000000,2968.31000000,2952.84000000,2956.36000000,96.75970000,1649259179999,286294.21251500,310,50.29590000,148886.17119000,0
1649259180000,2958.72000000,2984.26000000,2955.97000000,2981.04000000,126.82860000,1649259359999,377124.64604500,319,85.06780000,252948.18778200,0
1649259360000,2979.97000000,2980.36000000,2975.30000000,2980.36000000,26.11060000,1649259539999,77765.91131600,87,11.69790000,34850.48882600,0
1649259540000,2979.54000000,2988.41000000,2978.09000000,2984.75000000,20.73240000,1649259719999,61873.03137000,121,13.42870000,40071.13642100,0
1649259720000,2984.25000000,2986.74000000,2982.09000000,2986.74000000,11.58300000,1649259899999,34555.04957800,78,4.72660000,14101.38548600,0
1649259900000,2986.91000000,2992.01000000,2983.60000000,2989.20000000,72.29020000,1649260079999,215972.17786000,187,47.03580000,140531.21617300,0
1649260080000,2988.63000000,2994.40000000,2985.11000000,2987.80000000,143.26840000,1649260259999,428492.87214900,380,90.43100000,270437.19986800,0
1649260260000,2987.81000000,2994.22000000,2987.81000000,2992.18000000,86.23470000,1649260439999,257936.56836700,239,46.09810000,137877.24270500,0
1649260440000,2993.04000000,2993.04000000,2982.49000000,2984.30000000,28.24270000,1649260619999,84371.43994300,128,15.96300000,47700.00479200,0
1649260620000,2984.80000000,2988.91000000,2983.30000000,2987.40000000,41.34350000,1649260799999,123409.36263700,120,25.39900000,75803.96733100,0
1649260800000,2987.12000000,2990.65000000,2981.75000000,2986.28000000,76.78420000,1649260979999,229285.89582900,164,53.82910000,160750.26734100,0
1649260980000,2986.15000000,2986.47000000,2974.89000000,2986.47000000,99.47130000,1649261159999,296464.83151300,230,36.42370000,108568.16740400,0
1649261160000,2989.79000000,2990.45000000,2985.44000000,2989.93000000,21.92110000,1649261339999,65517.87717100,67,1.69720000,5073.29685200,0
1649261340000,2989.08000000,2990.13000000,2980.76000000,2983.13000000,52.36060000,1649261519999,156309.24150200,173,39.75940000,118696.41707100,0
1649261520000,2981.80000000,2982.69000000,2971.58000000,2973.99000000,80.88660000,1649261699999,240769.38455500,242,38.93600000,115930.97737000,0
1649261700000,2974.58000000,2979.33000000,2963.74000000,2965.89000000,44.51650000,1649261879999,132192.73423900,167,27.65690000,82114.44037200,0
1649261880000,2964.09000000,2966.79000000,2961.51000000,2962.81000000,14.01610000,1649262059999,41552.60774600,92,10.87360000,32239.31989100,0
1649262060000,2961.88000000,2966.17000000,2951.50000000,2965.29000000,84.27730000,1649262239999,249230.50404800,326,44.99390000,133031.49783900,0
1649262240000,2964.88000000,2965.64000000,2947.66000000,2947.66000000,109.50510000,1649262419999,323274.71257600,314,31.68050000,93579.78838000,0
1649262420000,2947.66000000,2953.09000000,2946.91000000,2950.35000000,45.51910000,1649262599999,134275.80616100,142,33.62570000,99190.63047200,0
1649262600000,2950.00000000,2956.43000000,2942.01000000,2945.37000000,83.44030000,1649262779999,245977.66410000,241,30.95360000,91273.49941800,0
1649262780000,2944.75000000,2958.45000000,2943.14000000,2946.03000000,57.90160000,1649262959999,170841.27353500,200,33.04520000,97485.44424600,0
1649262960000,2944.10000000,2948.32000000,2938.40000000,2941.97000000,56.40220000,1649263139999,166027.05808900,231,28.54310000,84033.31305300,0
1649263140000,2944.89000000,2948.51000000,2923.62000000,2934.84000000,185.84930000,1649263319999,545372.52091300,707,76.18520000,223512.43796800,0
1649263320000,2934.88000000,2946.12000000,2933.39000000,2946.12000000,17.33190000,1649263499999,50961.37160000,117,10.04050000,29515.80569700,0
1649263500000,2945.76000000,2945.76000000,2935.38000000,2939.65000000,46.68540000,1649263679999,137308.85907200,167,32.17860000,94629.21387800,0
1649263680000,2942.80000000,2948.42000000,2941.42000000,2943.80000000,29.91360000,1649263859999,88119.97837300,96,19.88210000,58583.32858800,0
1649263860000,2944.48000000,2946.17000000,2942.74000000,2943.74000000,21.74830000,1649264039999,64032.81555900,118,15.30770000,45074.10096100,0
1649264040000,2943.40000000,2951.03000000,2942.84000000,2949.49000000,45.57330000,1649264219999,134335.10167000,167,25.64220000,75574.36719700,0
1649264220000,2949.95000000,2950.44000000,2946.00000000,2946.37000000,32.32910000,1649264399999,95300.33057000,131,17.22390000,50778.12909500,0
1649264400000,2946.53000000,2946.53000000,2933.39000000,2934.13000000,62.55450000,1649264579999,183885.22462400,204,24.30360000,71439.31128800,0
1649264580000,2933.41000000,2934.14000000,2917.86000000,2928.64000000,106.64580000,1649264759999,311964.09463400,422,63.32600000,185301.05815200,0
1649264760000,2928.11000000,2937.89000000,2922.31000000,2926.32000000,48.60950000,1649264939999,142400.91595300,185,22.20550000,65047.93611600,0
1649264940000,2926.53000000,2932.47000000,2921.46000000,2922.34000000,50.19810000,1649265119999,146973.33478000,159,26.17490000,76676.21360500,0
1649265120000,2923.45000000,2931.08000000,2919.28000000,2928.64000000,90.98470000,1649265299999,266088.75091500,247,36.80160000,107670.98373000,0
1649265300000,2928.14000000,2938.79000000,2925.76000000,2935.40000000,65.77370000,1649265479999,192987.81283600,207,35.08100000,102927.99836600,0
1649265480000,2933.04000000,2935.95000000,2927.18000000,2934.17000000,38.26120000,1649265659999,112191.16527800,139,21.21040000,62198.00523100,0
1649265660000,2934.17000000,2944.67000000,2934.04000000,2944.67000000,53.18750000,1649265839999,156373.27050400,160,31.87030000,93705.71086800,0
1649265840000,2943.36000000,2946.86000000,2941.44000000,2945.83000000,65.73410000,1649266019999,193498.65070700,153,27.55250000,81113.50513100,0
1649266020000,2944.72000000,2944.72000000,2938.72000000,2942.78000000,15.27300000,1649266199999,44916.37026400,88,10.91450000,32100.57640400,0
1649266200000,2944.45000000,2944.45000000,2937.32000000,2939.66000000,15.57700000,1649266379999,45809.22495500,95,4.20490000,12366.78493000,0
1649266380000,2939.40000000,2947.26000000,2937.16000000,2939.13000000,55.24100000,1649266559999,162569.13374500,178,30.94720000,91062.47142700,0
1649266560000,2936.69000000,2941.37000000,2935.00000000,2936.02000000,24.86110000,1649266739999,73044.27230100,85,14.97630000,43995.28324800,0
1649266740000,2937.53000000,2953.54000000,2937.52000000,2951.46000000,116.30570000,1649266919999,342757.90482800,415,62.80780000,185139.65614300,0
1649266920000,2951.82000000,2951.83000000,2946.00000000,2946.89000000,88.65360000,1649267099999,261419.45258900,211,35.28870000,104080.77456200,0
1649267100000,2946.67000000,2953.57000000,2946.17000000,2952.64000000,53.62640000,1649267279999,158177.58667700,186,27.49010000,81080.92767600,0
1649267280000,2953.71000000,2960.24000000,2953.53000000,2955.20000000,81.94530000,1649267459999,242324.22682000,218,43.61530000,128969.73271500,0
1649267460000,2955.25000000,2962.82000000,2952.80000000,2960.69000000,64.75630000,1649267639999,191601.78295900,222,42.52890000,125836.31532100,0
1649267640000,2960.43000000,2964.13000000,2960.43000000,2961.16000000,39.54570000,1649267819999,117142.24397600,148,23.71750000,70253.60944600,0
1649267820000,2962.63000000,2962.96000000,2954.30000000,2954.30000000,55.37500000,1649267999999,163889.58679700,179,19.66140000,58211.99978300,0
1649268000000,2954.59000000,2995.75000000,2952.25000000,2985.70000000,328.43510000,1649268179999,978207.24002700,888,221.24960000,659205.22808400,0
1649268180000,2984.27000000,2990.19000000,2964.99000000,2968.05000000,162.79160000,1649268359999,485283.47833200,471,47.66450000,142033.60531700,0
1649268360000,2968.03000000,2978.16000000,2954.69000000,2963.65000000,123.85680000,1649268539999,367043.36607700,353,59.07350000,175101.05505600,0
1649268540000,2963.65000000,2964.91000000,2948.26000000,2953.13000000,62.79460000,1649268719999,185663.07429800,204,28.28740000,83653.51397500,0
1649268720000,2950.59000000,2955.23000000,2941.38000000,2942.54000000,59.06060000,1649268899999,174025.52445400,229,14.74120000,43451.49493300,0
1649268900000,2940.77000000,2941.37000000,2931.06000000,2931.06000000,111.47610000,1649269079999,327439.18255000,321,47.05520000,138236.92596200,0
1649269080000,2933.14000000,2939.86000000,2927.88000000,2937.53000000,79.43260000,1649269259999,232900.45842800,227,45.76690000,134224.97230700,0
1649269260000,2936.47000000,2943.97000000,2924.00000000,2926.25000000,78.93600000,1649269439999,231637.20271900,249,35.05310000,102897.47346900,0
1649269440000,2925.96000000,2938.73000000,2918.00000000,2935.29000000,104.05580000,1649269619999,304805.63149100,344,64.24610000,188238.97034500,0
1649269620000,2938.75000000,2941.20000000,2925.76000000,2929.99000000,39.02500000,1649269799999,114424.45707000,144,18.64970000,54678.12016700,0
1649269800000,2928.32000000,2953.83000000,2925.95000000,2953.83000000,105.20650000,1649269979999,309273.53257300,315,77.46580000,227716.22963500,0
1649269980000,2954.34000000,2958.45000000,2944.11000000,2950.19000000,105.16880000,1649270159999,310774.30955800,326,37.77320000,111584.95309000,0
1649270160000,2950.53000000,2962.95000000,2943.69000000,2957.31000000,126.16730000,1649270339999,372424.63233000,367,54.28860000,160205.74366700,0
1649270340000,2956.70000000,2963.73000000,2954.78000000,2960.58000000,44.19310000,1649270519999,130763.02824300,156,27.84220000,82377.47095300,0
1649270520000,2960.00000000,2970.92000000,2953.32000000,2963.56000000,91.02790000,1649270699999,269777.50817700,212,57.09420000,169222.04155500,0
1649270700000,2962.58000000,2973.50000000,2962.58000000,2971.28000000,47.15300000,1649270879999,140002.35692600,140,33.22060000,98632.54904200,0
1649270880000,2971.51000000,2972.91000000,2962.44000000,2967.93000000,67.51740000,1649271059999,200357.69747900,198,22.04880000,65459.18593400,0
1649271060000,2968.96000000,2973.03000000,2963.60000000,2964.42000000,151.98040000,1649271239999,451054.68497900,366,58.94660000,174913.04836300,0
1649271240000,2966.99000000,2974.17000000,2965.00000000,2971.47000000,115.00650000,1649271419999,341750.32694200,369,71.68390000,213018.61457500,0
1649271420000,2972.56000000,2975.69000000,2968.57000000,2974.56000000,57.91880000,1649271599999,172161.33462300,166,32.88250000,97740.13045800,0
1649271600000,2973.96000000,2984.55000000,2973.96000000,2982.24000000,32.46980000,1649271779999,96756.74543200,166,17.71490000,52789.31912900,0
1649271780000,2982.88000000,2985.20000000,2967.39000000,2968.24000000,35.84410000,1649271959999,106771.17479500,167,17.69000000,52683.64188000,0
1649271960000,2968.73000000,2968.85000000,2957.30000000,2967.01000000,90.07150000,1649272139999,266904.20195900,212,28.99050000,85885.70935100,0
1649272140000,2966.83000000,2980.43000000,2966.83000000,2973.85000000,54.01250000,1649272319999,160661.06536100,155,36.57360000,108794.34221600,0
1649272320000,2973.85000000,2979.23000000,2972.49000000,2977.09000000,24.52660000,1649272499999,72966.78572000,92,15.27280000,45438.64853600,0
1649272500000,2977.64000000,2980.26000000,2968.07000000,2968.83000000,46.85880000,1649272679999,139360.78100400,136,22.53430000,67013.10991900,0
1649272680000,2968.30000000,2972.79000000,2965.82000000,2967.10000000,32.28250000,1649272859999,95827.28994300,127,10.08260000,29926.39763600,0
1649272860000,2965.98000000,2968.82000000,2962.12000000,2966.59000000,89.49720000,1649273039999,265363.79285800,253,46.85080000,138904.13837700,0
1649273040000,2964.84000000,2968.44000000,2959.47000000,2960.31000000,44.13050000,1649273219999,130772.25281400,144,19.87230000,58896.41792400,0
1649273220000,2960.09000000,2961.03000000,2956.34000000,2959.42000000,19.41670000,1649273399999,57443.98034400,102,2.88050000,8520.96365800,0
1649273400000,2958.91000000,2964.68000000,2956.88000000,2957.03000000,27.20550000,1649273579999,80542.50265800,89,16.23650000,48088.13496300,0
1649273580000,2956.30000000,2956.30000000,2947.39000000,2952.20000000,34.67010000,1649273759999,102335.05590100,133,17.42550000,51450.33484700,0
1649273760000,2950.54000000,2957.32000000,2946.42000000,2957.19000000,29.13220000,1649273939999,85985.69994900,120,9.95400000,29387.23493200,0
1649273940000,2957.59000000,2959.46000000,2951.12000000,2955.83000000,31.48720000,1649274119999,93028.34278000,127,16.53750000,48844.05465400,0
1649274120000,2956.00000000,2963.18000000,2955.41000000,2961.65000000,13.11120000,1649274299999,38805.66020000,87,8.45810000,25035.86227900,0
1649274300000,2961.68000000,2972.57000000,2961.42000000,2972.49000000,14.22180000,1649274479999,42213.17432500,80,6.44260000,19119.33779800,0
1649274480000,2972.41000000,2974.72000000,2964.20000000,2965.45000000,29.43640000,1649274659999,87455.20699400,122,12.70990000,37777.89440000,0
1649274660000,2963.73000000,2970.92000000,2963.30000000,2969.27000000,16.67930000,1649274839999,49511.10891000,80,7.21370000,21417.86378900,0
1649274840000,2968.51000000,2970.87000000,2963.41000000,2968.23000000,20.77130000,1649275019999,61613.33160700,101,8.57650000,25436.12035400,0
1649275020000,2968.89000000,2971.41000000,2964.00000000,2966.24000000,44.07350000,1649275199999,130761.53623100,129,37.09680000,110066.77906100,0
1649275200000,2966.25000000,2972.24000000,2963.30000000,2969.99000000,53.56350000,1649275379999,159031.37795900,146,16.73150000,49663.13359100,0
1649275380000,2969.69000000,2979.06000000,2969.69000000,2975.90000000,61.41860000,1649275559999,182774.03990200,179,31.46110000,93628.20281500,0
1649275560000,2975.52000000,2977.01000000,2972.69000000,2972.70000000,19.08960000,1649275739999,56773.54404400,88,12.82290000,38131.54376100,0
1649275740000,2973.00000000,2974.82000000,2966.33000000,2966.84000000,27.49170000,1649275919999,81651.95178300,131,14.84960000,44109.72175100,0
1649275920000,2966.58000000,2966.84000000,2956.42000000,2956.42000000,94.03950000,1649276099999,278416.04437000,233,43.66480000,129265.71156100,0
1649276100000,2956.41000000,2956.87000000,2944.10000000,2945.97000000,42.31930000,1649276279999,124870.84921400,177,18.04230000,53247.68509900,0
1649276280000,2945.97000000,2953.21000000,2945.96000000,2948.98000000,68.25150000,1649276459999,201357.46899300,264,29.94490000,88331.67715600,0
1649276460000,2948.86000000,2956.21000000,2947.21000000,2956.21000000,49.05110000,1649276639999,144755.53751600,168,26.44440000,78054.60841400,0
1649276640000,2956.22000000,2958.27000000,2950.42000000,2955.66000000,24.08090000,1649276819999,71122.26881200,111,10.96710000,32386.11623900,0
1649276820000,2956.91000000,2961.15000000,2956.82000000,2961.15000000,28.11290000,1649276999999,83156.52966000,100,15.16700000,44860.74750100,0
1649277000000,2960.47000000,2961.39000000,2958.25000000,2960.92000000,33.40170000,1649277179999,98876.60812100,105,20.17770000,59737.74396300,0
1649277180000,2960.94000000,2963.00000000,2960.60000000,2960.80000000,16.30090000,1649277359999,48279.87828700,75,9.79870000,29020.81889900,0
1649277360000,2961.04000000,2961.33000000,2955.32000000,2956.48000000,25.85020000,1649277539999,76454.88216200,97,12.20990000,36115.99864800,0
1649277540000,2956.44000000,2958.90000000,2953.54000000,2956.84000000,37.96260000,1649277719999,112252.11501100,95,22.94010000,67825.99830700,0
1649277720000,2956.75000000,2958.51000000,2953.40000000,2953.40000000,22.88080000,1649277899999,67632.69917300,70,12.50490000,36967.64862600,0
1649277900000,2954.13000000,2966.20000000,2952.50000000,2965.42000000,77.08010000,1649278079999,227820.11096400,255,33.69430000,99575.09480100,0
1649278080000,2964.76000000,2975.62000000,2964.76000000,2973.38000000,28.82660000,1649278259999,85624.64054200,82,25.47870000,75674.36069900,0
1649278260000,2973.73000000,2977.30000000,2973.02000000,2976.20000000,5.69900000,1649278439999,16951.42171000,44,2.59070000,7706.25594900,0
1649278440000,2976.29000000,2979.64000000,2974.74000000,2976.40000000,19.17240000,1649278619999,57089.38648000,74,8.48710000,25272.29214500,0
1649278620000,2977.91000000,2979.42000000,2972.42000000,2973.67000000,31.13400000,1649278799999,92649.49672500,127,23.16460000,68934.75169400,0
1649278800000,2973.58000000,2976.24000000,2966.34000000,2966.34000000,43.17540000,1649278979999,128287.81438400,161,17.34670000,51526.36998700,0
1649278980000,2966.42000000,2972.58000000,2963.92000000,2972.58000000,29.22890000,1649279159999,86726.40254800,111,7.85270000,23301.11422900,0
1649279160000,2972.35000000,2980.02000000,2971.21000000,2980.02000000,24.32770000,1649279339999,72395.01099900,88,14.00550000,41693.39132500,0
1649279340000,2980.41000000,2980.43000000,2974.25000000,2975.65000000,12.21130000,1649279519999,36354.13799600,65,6.57910000,19581.94425500,0
1649279520000,2976.81000000,2976.81000000,2969.56000000,2971.36000000,6.27940000,1649279699999,18665.98718600,41,2.36780000,7036.04584800,0
1649279700000,2971.20000000,2972.67000000,2968.49000000,2972.67000000,10.24950000,1649279879999,30444.89573700,63,5.63440000,16737.32240100,0
1649279880000,2972.04000000,2973.35000000,2968.53000000,2971.78000000,31.65360000,1649280059999,94050.18419000,143,19.71830000,58595.42659600,0
1649280060000,2971.79000000,2974.37000000,2968.97000000,2969.50000000,29.53750000,1649280239999,87808.36488100,103,25.65140000,76257.69886800,0
1649280240000,2970.02000000,2973.61000000,2968.48000000,2973.60000000,8.06650000,1649280419999,23969.32355700,45,3.93490000,11695.65823500,0
1649280420000,2973.14000000,2975.20000000,2973.14000000,2973.76000000,18.21090000,1649280599999,54151.80118600,74,3.08840000,9186.15956600,0
1649280600000,2974.06000000,2975.03000000,2970.77000000,2972.80000000,6.73300000,1649280779999,20015.75252800,49,2.31970000,6898.29551500,0
1649280780000,2973.08000000,2973.08000000,2967.48000000,2967.52000000,8.69390000,1649280959999,25808.28910200,48,0.73080000,2170.81436900,0
1649280960000,2967.75000000,2968.36000000,2961.62000000,2962.12000000,24.02280000,1649281139999,71215.19159500,110,2.82470000,8376.91652500,0
1649281140000,2961.33000000,2966.71000000,2960.10000000,2965.47000000,4.50750000,1649281319999,13356.53940400,40,2.03690000,6035.53802000,0
1649281320000,2965.47000000,2967.01000000,2962.65000000,2962.80000000,6.98550000,1649281499999,20709.03853600,42,6.02790000,17868.30410200,0
1649281500000,2962.26000000,2964.33000000,2960.27000000,2962.29000000,12.60500000,1649281679999,37323.23939700,64,3.76870000,11161.10676400,0
1649281680000,2962.46000000,2965.77000000,2962.46000000,2965.77000000,3.96190000,1649281859999,11748.00132000,34,1.43080000,4242.63824600,0
1649281860000,2965.75000000,2966.90000000,2959.93000000,2966.19000000,21.33540000,1649282039999,63202.16375200,130,4.13910000,12264.53457700,0
1649282040000,2967.98000000,2972.51000000,2967.98000000,2971.46000000,51.34970000,1649282219999,152526.11034600,167,19.85140000,58960.90887800,0
1649282220000,2969.82000000,2969.82000000,2965.85000000,2966.32000000,19.82750000,1649282399999,58848.52451500,76,9.49910000,28198.28495400,0
1649282400000,2966.14000000,2966.14000000,2961.34000000,2962.24000000,22.09320000,1649282579999,65475.93410000,91,10.38930000,30784.54526600,0
1649282580000,2962.46000000,2966.26000000,2962.46000000,2964.52000000,23.17360000,1649282759999,68689.54770600,69,14.32370000,42450.49784600,0
1649282760000,2964.32000000,2968.89000000,2962.08000000,2965.29000000,21.81260000,1649282939999,64697.50327000,79,10.53570000,31250.49252200,0
1649282940000,2965.26000000,2968.51000000,2964.23000000,2966.71000000,13.94150000,1649283119999,41351.81006000,65,6.60260000,19587.00058000,0
1649283120000,2966.95000000,2970.86000000,2966.95000000,2970.33000000,15.60180000,1649283299999,46332.33649900,73,6.04790000,17959.23784800,0
1649283300000,2969.97000000,2971.06000000,2961.10000000,2961.88000000,21.43080000,1649283479999,63512.68500100,87,11.06140000,32785.48905800,0
1649283480000,2961.62000000,2962.78000000,2957.25000000,2957.98000000,14.21680000,1649283659999,42088.69414600,78,6.68300000,19788.20848900,0
1649283660000,2957.19000000,2957.57000000,2952.51000000,2956.02000000,20.11690000,1649283839999,59439.37816400,140,10.73390000,31713.88019900,0
1649283840000,2955.07000000,2957.36000000,2950.60000000,2957.36000000,79.06000000,1649284019999,233530.68733600,271,39.44890000,116534.63956900,0
1649284020000,2957.20000000,2957.62000000,2947.68000000,2948.71000000,56.49200000,1649284199999,166867.90681900,182,15.92750000,47061.90811000,0
1649284200000,2948.00000000,2951.94000000,2948.00000000,2950.29000000,14.44700000,1649284379999,42621.24611300,70,10.91310000,32194.93399500,0
1649284380000,2950.37000000,2950.40000000,2941.80000000,2944.03000000,39.81590000,1649284559999,117281.80844600,174,7.54860000,22231.45509500,0
1649284560000,2944.94000000,2950.01000000,2944.80000000,2949.91000000,26.61900000,1649284739999,78473.76977800,112,15.46050000,45587.38804500,0
1649284740000,2948.85000000,2949.75000000,2942.03000000,2943.26000000,28.71470000,1649284919999,84622.09878000,90,19.38920000,57149.06077700,0
1649284920000,2942.97000000,2944.15000000,2937.12000000,2938.62000000,31.66760000,1649285099999,93109.81020800,138,8.68390000,25544.32883600,0
1649285100000,2938.66000000,2943.06000000,2936.78000000,2940.08000000,25.82940000,1649285279999,75958.58134200,154,12.24280000,36010.15458700,0
1649285280000,2940.09000000,2943.83000000,2940.09000000,2942.45000000,20.19840000,1649285459999,59429.36540800,105,13.44470000,39553.20794900,0
1649285460000,2942.44000000,2946.86000000,2941.57000000,2945.81000000,32.69610000,1649285639999,96266.96816000,103,24.20500000,71264.87261100,0
1649285640000,2945.84000000,2947.04000000,2940.85000000,2941.29000000,35.88550000,1649285819999,105649.79913700,129,19.75820000,58157.99356500,0
1649285820000,2942.06000000,2942.21000000,2929.26000000,2931.65000000,35.81120000,1649285999999,105092.74732300,135,9.24820000,27136.29323400,0
1649286000000,2931.72000000,2942.54000000,2931.43000000,2933.48000000,54.32720000,1649286179999,159680.66037400,139,31.73580000,93262.99989300,0
1649286180000,2933.35000000,2935.00000000,2928.24000000,2928.24000000,29.19010000,1649286359999,85602.97769600,84,10.47990000,30737.98475900,0
1649286360000,2928.24000000,2933.86000000,2923.62000000,2933.86000000,71.77820000,1649286539999,210085.53583400,226,45.61220000,133495.44799900,0
1649286540000,2934.24000000,2945.76000000,2933.61000000,2942.82000000,50.47810000,1649286719999,148456.23503600,168,24.91840000,73277.29661400,0
1649286720000,2942.67000000,2942.67000000,2933.77000000,2934.28000000,26.71880000,1649286899999,78503.15381700,105,12.02690000,35340.87181800,0
1649286900000,2934.14000000,2940.22000000,2933.67000000,2940.22000000,20.06440000,1649287079999,58922.06297900,97,14.55130000,42726.22862200,0
1649287080000,2940.22000000,2943.44000000,2940.22000000,2943.01000000,18.33040000,1649287259999,53929.37038600,71,11.49250000,33812.06605300,0
1649287260000,2943.04000000,2947.82000000,2943.04000000,2945.48000000,31.02620000,1649287439999,91412.33519600,128,21.08630000,62124.11907200,0
1649287440000,2944.40000000,2948.54000000,2941.98000000,2948.24000000,32.02340000,1649287619999,94309.57426700,107,16.61920000,48946.36077100,0
1649287620000,2946.07000000,2946.07000000,2941.30000000,2943.04000000,27.34020000,1649287799999,80458.23058000,89,10.93030000,32162.52171400,0
1649287800000,2942.06000000,2946.08000000,2929.80000000,2933.03000000,49.19920000,1649287979999,144492.36601400,142,19.21860000,56477.01031800,0
1649287980000,2932.60000000,2936.57000000,2928.46000000,2929.06000000,56.77260000,1649288159999,166490.87387900,174,31.38520000,92020.85949500,0
1649288160000,2928.50000000,2929.77000000,2925.27000000,2926.42000000,59.96510000,1649288339999,175592.51828900,167,30.87740000,90406.86942400,0
1649288340000,2926.41000000,2928.64000000,2922.42000000,2922.73000000,72.48820000,1649288519999,212048.64058600,215,36.31660000,106217.25268300,0
1649288520000,2922.74000000,2936.70000000,2921.56000000,2932.41000000,79.37270000,1649288699999,232398.80737200,203,50.06380000,146571.94905000,0
1649288700000,2932.71000000,2932.89000000,2919.68000000,2929.14000000,117.92430000,1649288879999,344850.58504200,312,76.81810000,224579.51162800,0
1649288880000,2929.51000000,2935.07000000,2923.19000000,2923.41000000,57.30060000,1649289059999,167850.07209700,198,24.37310000,71407.16826200,0
1649289060000,2921.40000000,2921.40000000,2906.23000000,2909.65000000,81.86840000,1649289239999,238341.82316100,310,38.12530000,110980.69696300,0
1649289240000,2909.34000000,2916.77000000,2905.89000000,2905.89000000,21.39060000,1649289419999,62222.73835500,78,9.09820000,26469.06418600,0
1649289420000,2905.88000000,2913.49000000,2905.00000000,2911.93000000,44.09230000,1649289599999,128318.83879700,123,28.63630000,83348.70929000,0
1649289600000,2909.40000000,2923.06000000,2906.23000000,2918.71000000,52.28310000,1649289779999,152387.54250100,161,31.95760000,93168.35365800,0
1649289780000,2918.85000000,2920.95000000,2912.37000000,2913.96000000,36.47910000,1649289959999,106379.22701100,133,20.76780000,60555.29537600,0
1649289960000,2913.25000000,2913.25000000,2905.41000000,2906.82000000,53.86280000,1649290139999,156693.55649600,151,32.56020000,94745.64643400,0
1649290140000,2906.98000000,2924.66000000,2903.01000000,2922.84000000,64.24920000,1649290319999,187219.53652200,193,28.13330000,81942.07579700,0
1649290320000,2921.14000000,2930.19000000,2918.44000000,2928.36000000,41.47000000,1649290499999,121297.87676000,143,26.11680000,76405.51765200,0
1649290500000,2927.67000000,2939.20000000,2927.67000000,2933.07000000,41.52990000,1649290679999,121893.25549600,150,20.78850000,61007.97552000,0
1649290680000,2931.85000000,2935.14000000,2930.21000000,2932.84000000,35.78560000,1649290859999,104944.71531400,106,26.88130000,78827.61814200,0
1649290860000,2932.84000000,2941.56000000,2932.34000000,2940.97000000,47.55140000,1649291039999,139648.62572300,163,18.21730000,53490.49818700,0
1649291040000,2940.96000000,2941.62000000,2935.34000000,2937.33000000,45.80460000,1649291219999,134633.99594000,125,20.57650000,60470.75508700,0
1649291220000,2936.61000000,2939.84000000,2933.36000000,2937.74000000,67.32750000,1649291399999,197639.52309200,220,35.72530000,104883.14389200,0
1649291400000,2939.70000000,2945.79000000,2935.40000000,2945.76000000,95.52540000,1649291579999,280986.67644800,222,27.66390000,81362.92358600,0
1649291580000,2945.99000000,2946.75000000,2942.92000000,2943.33000000,44.49150000,1649291759999,131007.43531200,151,19.65420000,57872.73316300,0
1649291760000,2943.61000000,2947.85000000,2941.36000000,2942.97000000,22.81670000,1649291939999,67189.75692900,84,16.87850000,49703.54336900,0
1649291940000,2943.53000000,2943.53000000,2938.19000000,2940.47000000,44.18310000,1649292119999,129919.47535600,129,19.36040000,56926.93805700,0
1649292120000,2940.10000000,2941.17000000,2930.97000000,2930.97000000,45.07540000,1649292299999,132306.85583500,187,20.72190000,60836.07889400,0
1649292300000,2930.97000000,2931.34000000,2922.68000000,2924.57000000,77.82000000,1649292479999,227756.15918400,270,37.80100000,110594.47481800,0
1649292480000,2925.16000000,2925.92000000,2915.44000000,2916.21000000,22.19320000,1649292659999,64791.19416200,99,10.39110000,30333.13430200,0
1649292660000,2915.40000000,2915.40000000,2894.01000000,2902.55000000,185.97990000,1649292839999,539472.50588800,788,61.41420000,178138.06193300,0
1649292840000,2902.77000000,2905.47000000,2890.11000000,2896.14000000,61.12510000,1649293019999,176954.96669200,207,41.81540000,121028.63053300,0
1649293020000,2896.74000000,2902.16000000,2891.34000000,2899.46000000,51.22870000,1649293199999,148365.25906200,174,15.38790000,44567.72717300,0
1649293200000,2899.94000000,2907.30000000,2897.47000000,2900.69000000,79.98660000,1649293379999,232202.84396000,233,36.53610000,106056.18616400,0
1649293380000,2901.53000000,2907.17000000,2900.08000000,2900.61000000,85.30640000,1649293559999,247582.94405200,239,47.29530000,137254.69652700,0
1649293560000,2900.89000000,2917.88000000,2894.40000000,2913.71000000,135.37930000,1649293739999,393015.19203200,315,96.18470000,279209.96246700,0
1649293740000,2915.86000000,2916.73000000,2910.21000000,2915.82000000,41.68070000,1649293919999,121463.10399500,109,14.84910000,43254.77860800,0
1649293920000,2916.15000000,2923.70000000,2913.90000000,2915.95000000,72.99930000,1649294099999,213121.11031200,183,27.61130000,80610.14117000,0
1649294100000,2916.52000000,2919.77000000,2910.32000000,2915.65000000,42.44370000,1649294279999,123765.18735200,123,23.04250000,67178.80583400,0
1649294280000,2914.45000000,2914.46000000,2902.20000000,2906.20000000,28.15910000,1649294459999,81915.08719400,104,14.03170000,40806.62574800,0
1649294460000,2908.74000000,2913.75000000,2906.77000000,2910.35000000,28.24720000,1649294639999,82186.42732800,85,13.65460000,39723.20961200,0
1649294640000,2910.51000000,2922.50000000,2908.64000000,2922.26000000,76.52730000,1649294819999,223295.87938600,170,43.56830000,127135.19615800,0
1649294820000,2921.90000000,2922.78000000,2918.40000000,2920.86000000,34.15840000,1649294999999,99758.53643200,100,26.91850000,78608.64468000,0
1649295000000,2921.72000000,2922.45000000,2915.16000000,2922.32000000,27.52560000,1649295179999,80389.23818100,78,11.39340000,33266.46496900,0
1649295180000,2921.19000000,2927.69000000,2921.19000000,2927.52000000,31.84150000,1649295359999,93090.14986300,102,25.71210000,75157.64089900,0
1649295360000,2927.81000000,2930.19000000,2924.81000000,2925.49000000,11.01270000,1649295539999,32247.39792200,65,2.07480000,6076.09980700,0
1649295540000,2927.40000000,2930.07000000,2926.66000000,2928.54000000,22.15760000,1649295719999,64884.49395400,55,12.31940000,36066.45673600,0
1649295720000,2929.36000000,2930.39000000,2923.02000000,2927.81000000,46.80420000,1649295899999,136976.93059100,137,31.66480000,92672.72903600,0
1649295900000,2927.72000000,2928.32000000,2920.65000000,2924.56000000,76.10240000,1649296079999,222461.63144500,196,48.83440000,142743.29038800,0
1649296080000,2924.57000000,2927.40000000,2920.72000000,2921.37000000,58.32490000,1649296259999,170598.74558000,156,23.82590000,69696.46917700,0
1649296260000,2921.99000000,2929.40000000,2921.49000000,2929.40000000,8.40170000,1649296439999,24576.71804100,31,6.35720000,18589.53684400,0
1649296440000,2928.81000000,2931.55000000,2927.17000000,2930.63000000,40.91760000,1649296619999,119852.21303300,111,22.11530000,64774.78182000,0
1649296620000,2930.72000000,2932.79000000,2927.79000000,2929.25000000,40.30060000,1649296799999,118101.24796800,118,21.02280000,61600.32528300,0
1649296800000,2929.21000000,2934.59000000,2925.53000000,2925.77000000,69.01500000,1649296979999,202253.88917400,236,38.32820000,112313.18241800,0
1649296980000,2926.86000000,2931.01000000,2924.78000000,2930.40000000,18.29670000,1649297159999,53588.35106000,56,8.64770000,25320.54402900,0
1649297160000,2931.16000000,2934.65000000,2929.16000000,2932.77000000,42.67790000,1649297339999,125136.24005900,91,27.24560000,79864.02870100,0
1649297340000,2933.20000000,2934.01000000,2927.06000000,2928.05000000,26.22060000,1649297519999,76847.01521300,82,7.90110000,23156.98527200,0
1649297520000,2927.77000000,2930.39000000,2926.17000000,2926.17000000,36.63270000,1649297699999,107231.28418300,111,28.38890000,83100.30895800,0
1649297700000,2925.72000000,2928.25000000,2925.04000000,2926.39000000,24.62250000,1649297879999,72052.81122000,59,16.94610000,49589.54848900,0
1649297880000,2925.16000000,2925.16000000,2922.50000000,2922.50000000,7.11040000,1649298059999,20787.02565200,38,2.65330000,7757.51829700,0
1649298060000,2921.56000000,2921.56000000,2915.85000000,2916.35000000,45.36810000,1649298239999,132409.53233500,142,14.72930000,42982.93476700,0
1649298240000,2915.49000000,2916.96000000,2910.21000000,2914.71000000,29.76720000,1649298419999,86749.65761200,113,15.88190000,46284.76307100,0
1649298420000,2915.46000000,2915.46000000,2910.29000000,2911.51000000,19.46350000,1649298599999,56677.42439300,71,7.61960000,22185.87478800,0
1649298600000,2911.43000000,2921.96000000,2910.25000000,2921.58000000,21.19150000,1649298779999,61815.51290900,94,11.26880000,32869.82331700,0
1649298780000,2920.99000000,2928.47000000,2920.99000000,2924.65000000,29.68060000,1649298959999,86813.76316200,109,20.71640000,60588.57414000,0
1649298960000,2924.72000000,2929.19000000,2923.64000000,2928.30000000,19.26550000,1649299139999,56389.90206000,71,13.29570000,38918.63852600,0
1649299140000,2928.40000000,2929.11000000,2912.19000000,2913.92000000,59.70490000,1649299319999,174317.31179700,157,28.85330000,84196.82263700,0
1649299320000,2914.48000000,2917.03000000,2912.59000000,2912.69000000,18.82830000,1649299499999,54888.79997400,53,15.26550000,44503.24463600,0
1649299500000,2911.99000000,2915.52000000,2910.13000000,2912.60000000,23.69630000,1649299679999,69022.30470100,81,8.47790000,24685.19293200,0
1649299680000,2912.16000000,2912.16000000,2906.98000000,2907.20000000,24.18790000,1649299859999,70366.70429300,79,10.23710000,29789.15705100,0
1649299860000,2907.22000000,2912.06000000,2906.73000000,2909.60000000,29.80690000,1649300039999,86694.36032200,93,18.88010000,54906.05420400,0
1649300040000,2910.59000000,2924.31000000,2910.59000000,2923.42000000,76.67970000,1649300219999,223774.76409600,174,55.84200000,162993.18440000,0
1649300220000,2923.21000000,2924.56000000,2919.72000000,2920.64000000,73.18990000,1649300399999,213934.38671500,230,49.42650000,144458.43578900,0
1649300400000,2924.40000000,2924.40000000,2917.64000000,2917.64000000,26.96990000,1649300579999,78780.24402700,91,12.39030000,36179.44962800,0
1649300580000,2918.10000000,2923.01000000,2917.32000000,2919.34000000,19.15210000,1649300759999,55929.68740800,72,9.96820000,29101.23397400,0
1649300760000,2919.43000000,2922.70000000,2918.46000000,2922.70000000,22.66210000,1649300939999,66189.59451000,74,8.27190000,24162.73585600,0
1649300940000,2922.71000000,2923.11000000,2917.88000000,2918.06000000,24.38450000,1649301119999,71226.90405700,81,11.24620000,32842.72740400,0
1649301120000,2917.56000000,2917.56000000,2911.17000000,2913.55000000,19.19610000,1649301299999,55944.77994700,72,9.37840000,27334.36267600,0
1649301300000,2911.58000000,2914.66000000,2910.94000000,2913.88000000,8.63400000,1649301479999,25145.53358000,32,2.89870000,8440.62104800,0
1649301480000,2914.85000000,2920.35000000,2911.51000000,2915.54000000,19.12360000,1649301659999,55738.75482600,92,10.76090000,31354.78070200,0
1649301660000,2916.26000000,2917.34000000,2912.06000000,2913.13000000,20.18160000,1649301839999,58812.11354800,75,13.69160000,39890.56988300,0
1649301840000,2913.53000000,2917.49000000,2910.91000000,2911.66000000,30.98440000,1649302019999,90298.70408500,91,12.25100000,35691.16803100,0
1649302020000,2911.59000000,2912.26000000,2909.06000000,2910.53000000,27.09370000,1649302199999,78862.90110900,85,8.50120000,24743.51116100,0
1649302200000,2911.17000000,2913.40000000,2905.78000000,2906.47000000,42.31290000,1649302379999,123126.56616100,116,20.97430000,61004.49623200,0
1649302380000,2907.47000000,2916.08000000,2907.47000000,2916.04000000,37.82300000,1649302559999,110204.13744600,113,17.40510000,50699.62626300,0
1649302560000,2916.71000000,2919.98000000,2915.03000000,2918.63000000,49.66820000,1649302739999,144931.65000300,128,30.21490000,88152.24698700,0
1649302740000,2918.78000000,2922.38000000,2918.24000000,2921.83000000,27.75520000,1649302919999,81067.34774000,73,10.51430000,30701.96005500,0
1649302920000,2921.14000000,2923.75000000,2918.22000000,2923.20000000,18.97760000,1649303099999,55429.12396300,79,11.22180000,32766.64400200,0
1649303100000,2922.17000000,2923.45000000,2916.10000000,2920.09000000,25.43690000,1649303279999,74290.04373300,92,13.73660000,40117.77393200,0
1649303280000,2920.22000000,2922.50000000,2915.35000000,2921.71000000,20.55560000,1649303459999,60000.08261700,79,11.44470000,33397.89399800,0
1649303460000,2921.91000000,2926.08000000,2921.91000000,2926.07000000,13.78260000,1649303639999,40311.37922100,74,5.31010000,15527.53903400,0
1649303640000,2925.72000000,2927.52000000,2924.56000000,2925.81000000,16.75070000,1649303819999,49010.18128500,67,10.61980000,31069.45768100,0
1649303820000,2924.48000000,2924.96000000,2920.95000000,2921.42000000,13.99920000,1649303999999,40920.78444900,51,6.54170000,19118.63001500,0
1649304000000,2922.61000000,2924.60000000,2919.11000000,2921.58000000,17.75380000,1649304179999,51875.93450000,64,7.66560000,22402.19276100,0
1649304180000,2921.68000000,2927.51000000,2921.68000000,2926.66000000,20.01210000,1649304359999,58551.55309700,79,6.10170000,17854.91928100,0
1649304360000,2927.65000000,2929.42000000,2923.67000000,2926.86000000,26.62540000,1649304539999,77921.06389900,82,15.78870000,46196.78419200,0
1649304540000,2927.53000000,2930.60000000,2926.54000000,2930.60000000,11.48530000,1649304719999,33626.02676900,53,9.59200000,28082.53478900,0
1649304720000,2930.65000000,2930.65000000,2922.78000000,2923.33000000,27.26990000,1649304899999,79792.30953700,93,9.71730000,28428.71559300,0
1649304900000,2923.16000000,2925.56000000,2921.34000000,2922.78000000,22.99830000,1649305079999,67240.76652100,68,7.75980000,22687.51824900,0
1649305080000,2922.04000000,2926.21000000,2921.82000000,2924.49000000,7.66550000,1649305259999,22416.54830700,40,6.16610000,18032.58957700,0
1649305260000,2925.36000000,2928.69000000,2924.83000000,2928.41000000,17.77350000,1649305439999,52010.47961000,66,11.97530000,35038.76711900,0
1649305440000,2928.42000000,2931.44000000,2928.13000000,2931.44000000,20.35850000,1649305619999,59645.97926700,78,9.09060000,26628.18129900,0
1649305620000,2931.31000000,2932.65000000,2930.15000000,2931.62000000,15.33810000,1649305799999,44963.88532200,60,9.63900000,28255.63134800,0
1649305800000,2932.15000000,2932.90000000,2928.77000000,2932.14000000,19.38130000,1649305979999,56793.93622800,78,13.12680000,38462.65005600,0
1649305980000,2932.77000000,2935.88000000,2932.28000000,2935.88000000,28.07160000,1649306159999,82355.22100600,81,5.79190000,16991.15529300,0
1649306160000,2935.29000000,2938.19000000,2935.10000000,2937.45000000,22.36880000,1649306339999,65697.12304500,110,11.24110000,33012.75452800,0
1649306340000,2937.55000000,2938.19000000,2935.00000000,2935.59000000,14.92160000,1649306519999,43821.62115400,63,8.21350000,24117.39350500,0
1649306520000,2935.33000000,2935.34000000,2927.00000000,2927.85000000,32.34100000,1649306699999,94736.34485100,127,17.07170000,49987.45181100,0
1649306700000,2927.00000000,2935.46000000,2924.44000000,2933.25000000,31.11580000,1649306879999,91199.83452700,94,19.18690000,56237.15125600,0
1649306880000,2933.97000000,2941.17000000,2933.97000000,2940.80000000,35.58340000,1649307059999,104547.01951900,119,15.81850000,46464.43009800,0
1649307060000,2941.18000000,2944.97000000,2940.12000000,2941.06000000,71.60710000,1649307239999,210698.97144800,193,38.21480000,112422.95417000,0
1649307240000,2941.30000000,2943.55000000,2939.25000000,2940.76000000,22.74970000,1649307419999,66925.00368800,73,17.02180000,50071.24407500,0
1649307420000,2940.24000000,2942.11000000,2938.00000000,2939.87000000,31.69840000,1649307599999,93191.35559200,111,19.51810000,57382.98084900,0
1649307600000,2939.87000000,2945.10000000,2937.70000000,2942.38000000,43.26230000,1649307779999,127294.15922400,122,15.35020000,45152.48059700,0
1649307780000,2941.82000000,2941.82000000,2933.12000000,2935.70000000,33.92160000,1649307959999,99611.92813500,92,11.98480000,35188.06375100,0
1649307960000,2935.89000000,2937.55000000,2934.57000000,2935.72000000,19.12110000,1649308139999,56132.04619000,72,8.61960000,25300.26607600,0
1649308140000,2935.83000000,2938.59000000,2933.23000000,2936.21000000,38.25340000,1649308319999,112294.67648800,121,27.62440000,81089.97942300,0
1649308320000,2936.71000000,2938.79000000,2934.44000000,2935.58000000,12.88170000,1649308499999,37835.01954100,66,6.03530000,17723.97138200,0
1649308500000,2935.05000000,2938.27000000,2933.93000000,2938.03000000,12.98290000,1649308679999,38131.29520500,47,4.53610000,13319.69575100,0
1649308680000,2938.48000000,2941.69000000,2938.48000000,2939.18000000,9.90540000,1649308859999,29118.33466200,48,3.18350000,9359.88898100,0
1649308860000,2939.44000000,2940.98000000,2938.79000000,2940.70000000,6.36400000,1649309039999,18712.25429600,25,6.15540000,18098.89713700,0
1649309040000,2940.77000000,2941.96000000,2939.02000000,2940.36000000,17.19850000,1649309219999,50577.78816900,86,16.48970000,48493.51622000,0
1649309220000,2939.85000000,2940.36000000,2937.50000000,2938.32000000,29.80720000,1649309399999,87597.16426600,90,15.00930000,44103.04506700,0
1649309400000,2938.33000000,2940.57000000,2938.07000000,2938.24000000,18.78860000,1649309579999,55224.48615600,64,12.81980000,37678.28448900,0
1649309580000,2937.95000000,2938.31000000,2930.13000000,2934.51000000,36.13670000,1649309759999,106073.42762000,114,18.14640000,53275.73507400,0
1649309760000,2934.40000000,2935.30000000,2932.05000000,2932.66000000,41.48800000,1649309939999,121714.58204400,112,26.40680000,77465.79655600,0
1649309940000,2932.28000000,2940.81000000,2931.77000000,2939.90000000,52.89380000,1649310119999,155351.41531000,139,34.57700000,101533.59569900,0
1649310120000,2940.31000000,2940.39000000,2933.70000000,2934.04000000,16.86090000,1649310299999,49532.63220600,59,7.91540000,23253.81038900,0
1649310300000,2933.87000000,2936.68000000,2932.87000000,2935.06000000,13.25970000,1649310479999,38913.78933500,58,5.00930000,14699.35810300,0
1649310480000,2935.42000000,2939.97000000,2934.05000000,2939.13000000,30.21450000,1649310659999,88725.38430500,99,18.61180000,54651.54632700,0
1649310660000,2939.35000000,2943.97000000,2939.35000000,2943.97000000,19.94310000,1649310839999,58678.06179200,71,9.94770000,29275.22050000,0
1649310840000,2942.88000000,2949.17000000,2942.79000000,2948.49000000,57.22380000,1649311019999,168682.41376100,211,42.83710000,126266.75568800,0
1649311020000,2948.44000000,2951.28000000,2947.44000000,2949.29000000,109.96840000,1649311199999,324315.15409300,323,90.42490000,266672.22426900,0
1649311200000,2949.30000000,2951.30000000,2947.56000000,2949.67000000,44.94350000,1649311379999,132576.74536300,174,21.66520000,63912.50673000,0
1649311380000,2949.62000000,2952.95000000,2946.36000000,2946.97000000,47.71460000,1649311559999,140808.30350200,206,26.61750000,78539.88938600,0
1649311560000,2947.33000000,2948.86000000,2946.34000000,2948.33000000,15.28990000,1649311739999,45068.88073900,86,13.15010000,38762.89965500,0
1649311740000,2948.00000000,2948.48000000,2936.95000000,2938.03000000,181.48330000,1649311919999,533951.03894800,220,58.03530000,170780.88484900,0
1649311920000,2939.41000000,2942.33000000,2935.15000000,2940.62000000,70.78120000,1649312099999,208020.36250400,216,38.29680000,112557.79182900,0
1649312100000,2940.44000000,2942.66000000,2938.25000000,2938.34000000,45.35270000,1649312279999,133371.02867000,153,26.26950000,77245.82271800,0
1649312280000,2939.14000000,2940.67000000,2936.75000000,2939.81000000,43.82300000,1649312459999,128774.91943800,151,26.00070000,76406.65815400,0
1649312460000,2940.04000000,2941.18000000,2938.25000000,2941.18000000,5.80990000,1649312639999,17077.82412900,41,2.40450000,7067.95621400,0
1649312640000,2940.68000000,2944.46000000,2940.68000000,2943.64000000,13.41600000,1649312819999,39482.48046500,57,8.25140000,24282.22892000,0
1649312820000,2943.42000000,2946.00000000,2943.08000000,2944.13000000,25.39950000,1649312999999,74787.01191200,92,16.49930000,48576.96590200,0
1649313000000,2944.25000000,2946.35000000,2943.33000000,2944.23000000,40.71060000,1649313179999,119885.83143200,93,25.40550000,74811.93294700,0
1649313180000,2944.55000000,2944.55000000,2941.71000000,2941.96000000,31.74570000,1649313359999,93436.82474500,94,16.35100000,48123.01759900,0
1649313360000,2941.80000000,2943.00000000,2941.80000000,2942.32000000,7.63350000,1649313539999,22464.01126100,33,1.18480000,3486.16748000,0
1649313540000,2943.35000000,2946.94000000,2943.34000000,2946.60000000,27.06150000,1649313719999,79702.58580700,121,14.49580000,42693.98161700,0
1649313720000,2946.51000000,2952.69000000,2945.71000000,2950.65000000,33.32930000,1649313899999,98285.22284600,110,23.75580000,70048.12600200,0
1649313900000,2950.75000000,2952.79000000,2944.70000000,2948.47000000,16.76740000,1649314079999,49446.83724800,135,13.07050000,38548.45625700,0
1649314080000,2947.32000000,2949.90000000,2944.02000000,2945.02000000,14.40620000,1649314259999,42469.10000300,74,7.08760000,20896.46571700,0
1649314260000,2945.29000000,2946.70000000,2942.98000000,2946.22000000,31.84740000,1649314439999,93777.19017600,110,12.96570000,38172.20589500,0
1649314440000,2946.13000000,2946.92000000,2943.96000000,2946.03000000,15.38510000,1649314619999,45314.83541600,91,10.19920000,30039.95273400,0
1649314620000,2946.80000000,2946.80000000,2943.79000000,2944.14000000,20.11520000,1649314799999,59247.15673000,93,12.80220000,37709.88608400,0
1649314800000,2945.42000000,2947.16000000,2942.14000000,2942.26000000,24.87630000,1649314979999,73227.78211500,90,12.61010000,37119.37335500,0
1649314980000,2942.49000000,2948.59000000,2941.25000000,2948.59000000,28.60710000,1649315159999,84236.84242200,112,17.71340000,52162.38746300,0
1649315160000,2948.59000000,2950.09000000,2947.68000000,2948.11000000,29.26570000,1649315339999,86308.80793100,100,4.00600000,11813.47263000,0
1649315340000,2949.06000000,2950.90000000,2948.27000000,2949.82000000,15.94130000,1649315519999,47026.57911200,68,13.48110000,39768.46167600,0
1649315520000,2950.51000000,2955.32000000,2950.51000000,2954.61000000,59.93970000,1649315699999,176977.29375500,177,36.25220000,107008.61735200,0
1649315700000,2954.55000000,2956.08000000,2953.15000000,2955.46000000,32.00360000,1649315879999,94560.89100900,117,15.21820000,44963.12337400,0
1649315880000,2955.70000000,2959.79000000,2955.41000000,2959.30000000,45.20420000,1649316059999,133653.92712000,162,22.07720000,65261.89023900,0
1649316060000,2959.30000000,2961.20000000,2957.64000000,2958.28000000,47.48130000,1649316239999,140503.44910400,119,37.76600000,111759.67791500,0
1649316240000,2958.49000000,2962.29000000,2958.49000000,2958.82000000,47.90930000,1649316419999,141856.40931800,157,25.38410000,75170.51189600,0
1649316420000,2958.90000000,2966.02000000,2957.51000000,2964.95000000,79.87150000,1649316599999,236589.51143000,272,42.42970000,125670.13656200,0
1649316600000,2965.41000000,2967.24000000,2964.30000000,2965.82000000,40.78150000,1649316779999,120952.35775100,138,32.76140000,97164.24419100,0
1649316780000,2966.27000000,2967.57000000,2966.05000000,2967.41000000,46.62700000,1649316959999,138333.21476300,93,31.61760000,93803.35710300,0
1649316960000,2966.93000000,2967.44000000,2966.77000000,2966.94000000,31.38110000,1649317139999,93113.97621300,97,18.94800000,56220.68028800,0
1649317140000,2967.10000000,2970.49000000,2967.10000000,2967.33000000,46.99230000,1649317319999,139497.31704900,133,28.07940000,83345.40779600,0
1649317320000,2967.24000000,2968.17000000,2962.92000000,2963.12000000,25.66120000,1649317499999,76130.35774600,134,10.15390000,30123.95869800,0
1649317500000,2963.25000000,2965.59000000,2960.36000000,2965.45000000,33.81530000,1649317679999,100173.22200500,129,19.71800000,58401.49534800,0
1649317680000,2965.33000000,2967.68000000,2965.33000000,2966.89000000,29.09700000,1649317859999,86314.49093300,105,17.05170000,50574.50782000,0
1649317860000,2966.88000000,2968.38000000,2966.85000000,2967.07000000,14.91640000,1649318039999,44261.91836400,68,10.49950000,31154.13494300,0
1649318040000,2967.07000000,2968.45000000,2961.91000000,2961.91000000,16.85980000,1649318219999,49992.15619500,105,8.49580000,25193.05558500,0
1649318220000,2961.94000000,2963.39000000,2960.37000000,2961.74000000,30.93420000,1649318399999,91628.85547300,134,18.19080000,53883.93246000,0
1649318400000,2961.74000000,2965.47000000,2960.00000000,2965.02000000,24.85650000,1649318579999,73627.98284800,100,14.63330000,43355.25056500,0
1649318580000,2965.12000000,2967.99000000,2964.83000000,2964.83000000,34.92280000,1649318759999,103585.68338500,151,27.68220000,82111.72942700,0
1649318760000,2965.46000000,2967.45000000,2964.53000000,2966.00000000,32.39000000,1649318939999,96076.69482600,100,17.16900000,50922.16499000,0
1649318940000,2965.99000000,2968.92000000,2965.47000000,2968.92000000,25.62910000,1649319119999,76064.20161700,90,16.20790000,48100.89788800,0
1649319120000,2968.94000000,2971.14000000,2968.32000000,2969.28000000,39.33370000,1649319299999,116819.10090800,145,22.89310000,67988.07544900,0
1649319300000,2969.26000000,2970.41000000,2966.70000000,2967.26000000,32.29440000,1649319479999,95880.62281900,115,12.88530000,38249.28257600,0
1649319480000,2966.89000000,2967.36000000,2962.26000000,2965.93000000,50.46670000,1649319659999,149585.00404600,134,27.61610000,81855.31715900,0
1649319660000,2965.77000000,2969.41000000,2965.21000000,2968.26000000,123.83900000,1649319839999,367485.98084800,237,106.45080000,315881.52880900,0
1649319840000,2968.28000000,2968.74000000,2967.34000000,2968.61000000,29.45990000,1649320019999,87440.66170300,66,16.87370000,50081.47427700,0
1649320020000,2968.60000000,2969.99000000,2967.64000000,2968.74000000,30.82280000,1649320199999,91510.35617200,100,16.18620000,48051.28582000,0
1649320200000,2969.04000000,2970.00000000,2967.80000000,2969.40000000,34.03230000,1649320379999,101036.23378100,101,9.79320000,29078.70163100,0
1649320380000,2969.73000000,2970.60000000,2961.27000000,2961.90000000,84.93610000,1649320559999,251839.75993700,205,47.09760000,139694.59302600,0
1649320560000,2961.91000000,2965.09000000,2961.01000000,2963.00000000,28.88920000,1649320739999,85591.24530200,98,16.63730000,49283.02917300,0
1649320740000,2962.27000000,2963.82000000,2961.02000000,2961.70000000,42.29550000,1649320919999,125280.89334500,111,35.84950000,106180.39219400,0
1649320920000,2961.24000000,2964.57000000,2961.03000000,2962.89000000,78.95820000,1649321099999,233990.50398300,226,51.10830000,151457.52240600,0
1649321100000,2962.89000000,2964.46000000,2962.15000000,2963.62000000,31.50890000,1649321279999,93357.85126000,97,26.47430000,78439.94840300,0
1649321280000,2963.62000000,2966.69000000,2959.65000000,2959.67000000,43.77180000,1649321459999,129684.75328900,150,27.38610000,81152.86665700,0
1649321460000,2959.67000000,2965.89000000,2959.67000000,2965.89000000,36.85950000,1649321639999,109200.90603100,115,23.95670000,70974.43239700,0
1649321640000,2965.85000000,2967.39000000,2962.95000000,2963.34000000,37.43590000,1649321819999,111008.87820300,119,19.16310000,56818.58753500,0
1649321820000,2963.21000000,2966.55000000,2962.66000000,2966.54000000,25.34280000,1649321999999,75124.82665600,96,18.00710000,53378.20241100,0
1649322000000,2966.55000000,2967.25000000,2964.54000000,2965.82000000,33.02350000,1649322179999,97939.75865200,106,21.19760000,62864.12421900,0
1649322180000,2965.81000000,2965.81000000,2959.63000000,2959.63000000,48.84070000,1649322359999,144679.21054600,146,37.76020000,111847.65942300,0
1649322360000,2959.63000000,2961.05000000,2959.42000000,2961.05000000,34.41020000,1649322539999,101857.50954100,126,25.00780000,74023.29791400,0
1649322540000,2961.08000000,2963.15000000,2957.13000000,2959.56000000,44.41830000,1649322719999,131469.80054900,128,30.00620000,88818.08346400,0
1649322720000,2958.93000000,2960.39000000,2954.30000000,2956.56000000,74.50210000,1649322899999,220265.21391200,225,49.49280000,146322.38146300,0
1649322900000,2956.46000000,2957.50000000,2952.34000000,2956.88000000,59.68350000,1649323079999,176351.91920500,181,39.61170000,117030.97273600,0
1649323080000,2956.87000000,2960.20000000,2956.72000000,2960.20000000,76.83840000,1649323259999,227333.25353100,237,53.59320000,158562.13238700,0
1649323260000,2960.23000000,2960.29000000,2952.61000000,2954.37000000,77.72430000,1649323439999,229965.22865700,166,54.95480000,162628.01834500,0
1649323440000,2954.97000000,2956.18000000,2953.64000000,2954.76000000,18.08530000,1649323619999,53445.49046700,84,7.35450000,21732.75393600,0
1649323620000,2953.64000000,2953.84000000,2949.19000000,2952.01000000,23.18210000,1649323799999,68420.62032600,105,17.34910000,51206.51802700,0
1649323800000,2952.89000000,2953.84000000,2952.34000000,2953.74000000,36.82720000,1649323979999,108755.93728400,113,26.16430000,77266.96686600,0
1649323980000,2953.62000000,2956.09000000,2953.33000000,2956.09000000,36.02520000,1649324159999,106434.01500500,109,21.19920000,62634.90142000,0
1649324160000,2955.40000000,2958.45000000,2955.40000000,2957.39000000,38.07400000,1649324339999,112604.14630000,114,16.56780000,48992.54548800,0
1649324340000,2956.96000000,2971.79000000,2955.68000000,2967.39000000,294.87430000,1649324519999,874365.58126100,501,223.74220000,663274.17242200,0
1649324520000,2967.87000000,2970.41000000,2965.15000000,2965.30000000,37.40810000,1649324699999,111029.90080100,90,26.60450000,78968.68489000,0
1649324700000,2965.45000000,2969.74000000,2959.61000000,2961.95000000,61.85940000,1649324879999,183436.30325800,181,38.26300000,113448.29897700,0
1649324880000,2961.76000000,2962.72000000,2956.45000000,2958.10000000,37.82970000,1649325059999,111984.06523200,110,12.58990000,37264.08978200,0
1649325060000,2959.28000000,2960.04000000,2956.26000000,2958.67000000,17.18130000,1649325239999,50828.82107800,71,1.57980000,4674.30643900,0
1649325240000,2958.33000000,2959.97000000,2956.84000000,2959.74000000,19.59780000,1649325419999,57974.24433300,77,14.91040000,44107.87112500,0
1649325420000,2959.92000000,2966.33000000,2959.92000000,2964.91000000,47.96930000,1649325599999,142134.17866500,131,17.60580000,52164.29529800,0
1649325600000,2964.47000000,2966.71000000,2963.16000000,2964.73000000,45.06840000,1649325779999,133613.20012100,128,27.41190000,81260.01384300,0
1649325780000,2964.72000000,2965.74000000,2959.44000000,2962.60000000,54.20460000,1649325959999,160667.71575600,152,20.78250000,61578.58166100,0
1649325960000,2962.30000000,2964.91000000,2962.30000000,2964.91000000,26.23840000,1649326139999,77761.54445000,107,21.43210000,63514.72696300,0
1649326140000,2965.23000000,2966.11000000,2964.24000000,2965.44000000,20.94770000,1649326319999,62118.44121800,77,5.18640000,15378.49004300,0
1649326320000,2965.43000000,2966.67000000,2964.32000000,2966.13000000,25.98550000,1649326499999,77061.65984000,91,13.94150000,41344.93966400,0
1649326500000,2966.16000000,2967.09000000,2964.32000000,2965.59000000,18.20470000,1649326679999,53999.36070000,70,8.02660000,23810.27245400,0
1649326680000,2965.39000000,2965.39000000,2959.04000000,2960.69000000,29.60870000,1649326859999,87684.41720100,105,20.94460000,62019.23053300,0
1649326860000,2960.74000000,2965.10000000,2960.74000000,2964.73000000,31.77080000,1649327039999,94152.69820900,118,12.62730000,37412.34421000,0
1649327040000,2964.96000000,2965.75000000,2963.36000000,2963.48000000,26.64810000,1649327219999,79005.95192500,96,12.44900000,36908.77966500,0
1649327220000,2963.35000000,2964.98000000,2961.40000000,2963.05000000,32.61260000,1649327399999,96638.16451100,120,12.91000000,38259.81192500,0
1649327400000,2962.78000000,2963.57000000,2959.56000000,2959.56000000,20.49430000,1649327579999,60696.41579300,79,3.21310000,9518.03974000,0
1649327580000,2959.56000000,2959.56000000,2954.67000000,2956.10000000,60.94680000,1649327759999,180203.16194400,193,43.06490000,127307.45443600,0
1649327760000,2956.09000000,2957.40000000,2954.16000000,2956.02000000,18.18940000,1649327939999,53761.64483900,86,7.32840000,21661.66173000,0
1649327940000,2955.92000000,2959.10000000,2955.27000000,2956.43000000,13.54680000,1649328119999,40070.71402700,60,3.68050000,10882.17684200,0
1649328120000,2956.78000000,2960.15000000,2955.18000000,2959.43000000,41.24020000,1649328299999,121986.14705300,128,22.06820000,65270.28666100,0
1649328300000,2959.61000000,2960.16000000,2957.17000000,2960.16000000,15.63340000,1649328479999,46255.04494300,74,6.28620000,18597.72852600,0
1649328480000,2960.14000000,2964.45000000,2960.04000000,2964.11000000,16.64930000,1649328659999,49327.47759500,87,7.91810000,23453.75920400,0
1649328660000,2964.23000000,2964.58000000,2962.20000000,2963.27000000,22.83890000,1649328839999,67678.58979400,75,16.82620000,49858.25755800,0
1649328840000,2963.14000000,2963.81000000,2960.77000000,2960.77000000,11.42760000,1649329019999,33855.48242600,66,4.60340000,13635.10258500,0
1649329020000,2960.75000000,2961.53000000,2957.48000000,2960.24000000,44.54280000,1649329199999,131778.50016400,93,36.15420000,106954.80487600,0
1649329200000,2960.33000000,2960.33000000,2953.84000000,2953.84000000,55.77940000,1649329379999,164879.91023300,160,14.99760000,44321.08330100,0
1649329380000,2953.83000000,2954.97000000,2949.30000000,2954.62000000,32.89380000,1649329559999,97116.32207600,134,10.79780000,31875.74085500,0
1649329560000,2953.85000000,2975.00000000,2949.81000000,2969.01000000,167.98950000,1649329739999,497800.10241400,391,130.59400000,386968.67884600,0
1649329740000,2969.05000000,2970.82000000,2946.58000000,2955.80000000,188.10260000,1649329919999,556698.41924200,460,96.13430000,284557.28118600,0
1649329920000,2955.29000000,2970.00000000,2955.29000000,2962.88000000,114.76850000,1649330099999,340156.70299100,328,67.69330000,200586.62143200,0
1649330100000,2962.87000000,2969.11000000,2962.87000000,2964.09000000,35.45710000,1649330279999,105197.84285400,108,14.62600000,43391.29163500,0
1649330280000,2962.77000000,2963.71000000,2959.47000000,2962.97000000,29.41970000,1649330459999,87136.76082800,97,9.61680000,28479.18460300,0
1649330460000,2963.17000000,2967.77000000,2962.63000000,2963.93000000,46.15500000,1649330639999,136841.57877300,109,26.98430000,79985.52903400,0
1649330640000,2963.21000000,2967.01000000,2961.51000000,2966.07000000,27.88860000,1649330819999,82696.49855500,111,18.53640000,54959.76646900,0
1649330820000,2965.03000000,2966.77000000,2962.96000000,2966.37000000,25.37460000,1649330999999,75224.57494000,90,17.05520000,50561.00269500,0
1649331000000,2966.38000000,2975.03000000,2964.31000000,2975.00000000,140.49530000,1649331179999,417258.43744900,280,99.77330000,296362.36173800,0
1649331180000,2974.81000000,2978.04000000,2971.91000000,2973.60000000,164.62590000,1649331359999,489679.48259400,374,120.09660000,357221.86040900,0
1649331360000,2973.70000000,2980.25000000,2973.35000000,2980.25000000,111.48790000,1649331539999,332037.76188800,210,49.99840000,148832.83525500,0
1649331540000,2980.26000000,2980.85000000,2974.95000000,2979.75000000,144.56680000,1649331719999,430574.52765500,342,95.68630000,284969.25946500,0
1649331720000,2980.03000000,2989.93000000,2979.52000000,2984.38000000,165.55390000,1649331899999,494224.80388700,429,105.63800000,315422.31932400,0
1649331900000,2984.84000000,2987.75000000,2975.97000000,2977.93000000,94.09230000,1649332079999,280425.69701000,272,68.69830000,204723.59686800,0
1649332080000,2977.82000000,2979.95000000,2972.33000000,2977.96000000,116.47030000,1649332259999,346672.89788500,298,49.52840000,147459.93722100,0
1649332260000,2977.26000000,2979.82000000,2976.49000000,2977.72000000,23.63120000,1649332439999,70369.97161600,93,11.34900000,33795.68129900,0
1649332440000,2978.05000000,2981.63000000,2976.12000000,2976.88000000,27.02330000,1649332619999,80514.90977900,83,12.82750000,38214.93434700,0
1649332620000,2977.67000000,2981.00000000,2976.47000000,2981.00000000,9.18590000,1649332799999,27358.43152000,47,7.17200000,21361.83508300,0
1649332800000,2981.12000000,2991.20000000,2980.20000000,2988.23000000,104.99350000,1649332979999,313608.92601800,255,76.93750000,229768.97706300,0
1649332980000,2985.74000000,2991.05000000,2985.35000000,2985.35000000,81.32090000,1649333159999,243048.78927200,188,48.32520000,144413.18666200,0
1649333160000,2986.94000000,2993.39000000,2984.91000000,2992.67000000,54.97160000,1649333339999,164374.44774400,171,28.26670000,84533.98801500,0
1649333340000,2991.93000000,2997.54000000,2990.45000000,2993.75000000,58.65740000,1649333519999,175598.95114300,177,38.92960000,116524.82610800,0
1649333520000,2993.77000000,2995.14000000,2990.00000000,2990.00000000,49.01950000,1649333699999,146732.28843300,124,27.23700000,81519.65441500,0
1649333700000,2989.31000000,2992.83000000,2985.97000000,2986.98000000,66.04370000,1649333879999,197412.20426400,174,32.45570000,96997.89231000,0
1649333880000,2988.52000000,2990.31000000,2985.74000000,2987.68000000,18.61770000,1649334059999,55637.50675800,74,1.32520000,3960.81440500,0
1649334060000,2987.02000000,2990.22000000,2986.65000000,2986.65000000,22.60250000,1649334239999,67545.06792700,91,14.31630000,42781.65865300,0
1649334240000,2986.85000000,2989.58000000,2985.42000000,2985.51000000,34.87220000,1649334419999,104194.88238200,111,11.60230000,34662.17140000,0
1649334420000,2985.77000000,2987.17000000,2984.61000000,2984.91000000,21.02360000,1649334599999,62776.27088900,85,12.40480000,37040.87068100,0
1649334600000,2983.84000000,2984.49000000,2977.14000000,2980.05000000,95.19320000,1649334779999,283717.77704200,216,59.42900000,177123.43714600,0
1649334780000,2981.46000000,2982.44000000,2977.26000000,2977.27000000,32.28920000,1649334959999,96248.71892700,97,13.81730000,41173.87042200,0
1649334960000,2978.12000000,2979.70000000,2974.94000000,2977.58000000,14.59730000,1649335139999,43469.10611500,66,8.39160000,24990.04704100,0
1649335140000,2976.90000000,2979.01000000,2969.52000000,2973.34000000,49.88690000,1649335319999,148265.61786800,141,23.62090000,70221.65710300,0
1649335320000,2973.44000000,2976.13000000,2970.19000000,2973.57000000,61.51070000,1649335499999,182904.66991400,197,16.68780000,49607.33723600,0
1649335500000,2973.45000000,2976.70000000,2973.45000000,2974.71000000,67.93380000,1649335679999,202136.35050200,169,53.61460000,159523.54584100,0
1649335680000,2974.47000000,2974.48000000,2968.87000000,2968.87000000,81.44880000,1649335859999,241997.74454300,244,65.03880000,193236.63234700,0
1649335860000,2968.87000000,2970.37000000,2964.16000000,2964.43000000,63.87800000,1649336039999,189576.32356500,193,22.44270000,66596.51553200,0
1649336040000,2964.04000000,2966.62000000,2961.75000000,2963.52000000,51.65820000,1649336219999,153110.20521500,173,24.04480000,71258.85996800,0
1649336220000,2964.29000000,2965.69000000,2958.08000000,2961.70000000,145.36380000,1649336399999,430672.06224500,302,53.65420000,158929.51037700,0
1649336400000,2961.89000000,2967.66000000,2961.88000000,2964.27000000,52.08820000,1649336579999,154383.79110000,139,38.44880000,113947.30497700,0
1649336580000,2965.77000000,2967.51000000,2957.58000000,2958.47000000,53.14280000,1649336759999,157453.62749400,166,8.35700000,24733.67180500,0
1649336760000,2959.07000000,2959.17000000,2951.46000000,2951.47000000,89.06400000,1649336939999,263301.43389900,266,67.00370000,198095.83254800,0
1649336940000,2951.47000000,2954.13000000,2945.01000000,2949.62000000,106.95620000,1649337119999,315533.07493800,322,76.04940000,224350.05357600,0
1649337120000,2949.57000000,2949.57000000,2941.86000000,2943.90000000,157.26130000,1649337299999,463149.42578500,372,106.89480000,314780.54588500,0
1649337300000,2943.37000000,2951.62000000,2942.04000000,2950.97000000,20.62950000,1649337479999,60771.17699300,107,12.72910000,37506.33714600,0
1649337480000,2951.71000000,2953.38000000,2945.90000000,2947.98000000,25.50610000,1649337659999,75260.70069900,71,3.17740000,9373.69847200,0
1649337660000,2947.29000000,2948.90000000,2941.87000000,2942.87000000,33.24680000,1649337839999,97915.45887600,112,29.02390000,85487.52883100,0
1649337840000,2942.22000000,2942.96000000,2937.76000000,2940.77000000,52.24400000,1649338019999,153626.91132700,178,37.31930000,109741.73264600,0
1649338020000,2940.52000000,2942.22000000,2933.57000000,2938.47000000,114.69120000,1649338199999,336747.46820800,188,39.67010000,116542.08942100,0
1649338200000,2938.39000000,2943.71000000,2930.00000000,2935.61000000,142.26570000,1649338379999,418120.11087700,344,89.75180000,263798.35018900,0
1649338380000,2935.57000000,2947.70000000,2934.89000000,2942.87000000,56.81030000,1649338559999,167196.23304800,148,26.46230000,77845.34619800,0
1649338560000,2944.03000000,2956.66000000,2943.22000000,2952.01000000,59.84730000,1649338739999,176543.64775700,195,23.67130000,69834.33572100,0
1649338740000,2952.01000000,2953.49000000,2945.03000000,2946.79000000,64.61610000,1649338919999,190524.60603300,178,40.81460000,120339.77498700,0
1649338920000,2947.57000000,2955.59000000,2941.86000000,2943.85000000,64.35570000,1649339099999,189744.41034000,199,40.60400000,119715.71134200,0
1649339100000,2942.28000000,2950.72000000,2940.90000000,2943.64000000,39.09210000,1649339279999,115166.66231000,127,17.71800000,52198.76414600,0
1649339280000,2942.87000000,2948.54000000,2942.53000000,2948.54000000,52.35190000,1649339459999,154172.92160900,148,27.44700000,80830.02177700,0
1649339460000,2949.62000000,2952.23000000,2947.85000000,2950.37000000,136.05630000,1649339639999,401422.22238400,285,100.48620000,296472.51969700,0
1649339640000,2950.63000000,2958.40000000,2950.63000000,2958.03000000,77.72120000,1649339819999,229625.47619500,198,39.23440000,115913.84075800,0
1649339820000,2958.43000000,2961.89000000,2957.13000000,2960.69000000,63.38770000,1649339999999,187564.70780200,179,30.79780000,91131.17939400,0
1649340000000,2961.00000000,2970.90000000,2955.13000000,2965.59000000,45.61150000,1649340179999,135210.06264300,182,22.45460000,66593.21754600,0
1649340180000,2963.72000000,2966.35000000,2959.07000000,2959.85000000,14.34310000,1649340359999,42496.47858500,78,4.60720000,13653.30353100,0
1649340360000,2958.77000000,2962.59000000,2948.42000000,2950.03000000,151.79190000,1649340539999,448616.13985300,328,62.60570000,184917.54661200,0
1649340540000,2949.23000000,2953.43000000,2947.66000000,2947.94000000,34.05680000,1649340719999,100457.84670200,107,16.12590000,47567.62995700,0
1649340720000,2947.94000000,2953.30000000,2944.03000000,2951.22000000,55.54700000,1649340899999,163813.03722900,167,30.63570000,90361.55029100,0
1649340900000,2951.58000000,2951.58000000,2944.72000000,2946.67000000,78.90420000,1649341079999,232561.58376100,172,37.00380000,109042.20671900,0
1649341080000,2946.68000000,2950.50000000,2941.92000000,2942.08000000,64.30740000,1649341259999,189502.56206300,163,25.38030000,74756.75027400,0
1649341260000,2942.51000000,2944.78000000,2941.39000000,2944.36000000,41.80930000,1649341439999,123044.97566100,121,21.11330000,62133.52080500,0
1649341440000,2944.52000000,2948.31000000,2942.36000000,2942.55000000,56.15400000,1649341619999,165399.81207800,146,42.67880000,125693.58138500,0
1649341620000,2942.42000000,2946.03000000,2940.51000000,2942.32000000,109.34540000,1649341799999,321746.11997000,260,58.83950000,173112.73001600,0
1649341800000,2942.96000000,2947.68000000,2939.93000000,2939.93000000,80.38880000,1649341979999,236685.76729300,159,46.56630000,137053.77669300,0
1649341980000,2939.93000000,2945.47000000,2938.72000000,2944.75000000,101.83360000,1649342159999,299629.07989100,215,77.37430000,227635.82233200,0
1649342160000,2944.36000000,2948.67000000,2943.93000000,2946.43000000,51.40410000,1649342339999,151485.32078900,119,20.42320000,60183.87230900,0
1649342340000,2946.44000000,2946.44000000,2924.46000000,2925.42000000,117.41180000,1649342519999,344058.99251400,366,48.52600000,142101.74711800,0
1649342520000,2925.44000000,2932.82000000,2923.62000000,2928.64000000,71.88670000,1649342699999,210443.24698100,206,26.90790000,78753.33880400,0
1649342700000,2927.99000000,2937.85000000,2927.99000000,2936.54000000,38.28170000,1649342879999,112277.18991000,146,16.90030000,49582.89423300,0
1649342880000,2935.77000000,2936.56000000,2928.52000000,2929.61000000,57.17170000,1649343059999,167636.78029600,178,27.24140000,79858.19536900,0
1649343060000,2929.67000000,2930.63000000,2920.44000000,2925.54000000,54.41750000,1649343239999,159253.61979600,174,26.25730000,76826.34224100,0
1649343240000,2925.00000000,2931.50000000,2923.29000000,2923.29000000,63.23400000,1649343419999,185121.34053000,168,48.26750000,141296.09966500,0
1649343420000,2923.27000000,2927.96000000,2920.17000000,2924.58000000,55.87700000,1649343599999,163458.67584800,184,24.82430000,72609.78185800,0
1649343600000,2925.51000000,2935.61000000,2921.01000000,2931.90000000,120.75170000,1649343779999,353672.79661800,272,77.54090000,227111.95702800,0
1649343780000,2931.87000000,2932.62000000,2923.69000000,2926.42000000,93.20330000,1649343959999,272846.26868300,215,50.25050000,147097.30042600,0
1649343960000,2926.24000000,2931.97000000,2925.04000000,2930.55000000,37.67370000,1649344139999,110368.13221700,128,15.15190000,44391.83915300,0
1649344140000,2931.25000000,2931.71000000,2919.34000000,2920.08000000,67.36540000,1649344319999,197042.99960200,173,32.30170000,94502.25657100,0
1649344320000,2919.45000000,2919.94000000,2906.15000000,2914.13000000,229.18510000,1649344499999,667421.72908800,559,145.78260000,424504.38495900,0
1649344500000,2914.41000000,2917.09000000,2911.11000000,2916.41000000,40.38810000,1649344679999,117712.80783500,131,11.11210000,32384.42911400,0
1649344680000,2916.74000000,2923.59000000,2914.12000000,2921.71000000,73.77590000,1649344859999,215388.09776300,195,50.15210000,146429.65868100,0
1649344860000,2922.50000000,2924.99000000,2919.05000000,2920.40000000,37.34710000,1649345039999,109160.19347800,85,21.21050000,61990.19591300,0
